{
    "clientId": "YourAppId",
    "clientSecret": "YourAppPassword",
    "subscriptionId": "YourSubscriptionId",
    "tenantId": "YourTenantId",
    "activeDirectoryEndpointUrl": "https://login.microsoftonline.com",
    "resourceManagerEndpointUrl": "https://management.azure.com/",
    "activeDirectoryGraphResourceId": "https://graph.windows.net/",
    "sqlManagementEndpointUrl": "https://management.core.windows.net:8443/",
    "galleryEndpointUrl": "https://gallery.azure.com/",
    "managementEndpointUrl": "https://management.core.windows.net/"
  }
  